,date,daily_return
0,2016-01-04,0.0
1,2016-01-05,0.0013662329560397983
2,2016-01-06,-0.014418803073197987
3,2016-01-07,-0.027842548874912117
4,2016-01-08,-0.012982536888668642
5,2016-01-11,-0.0010714847930895794
6,2016-01-12,0.00542318619091268
7,2016-01-13,-0.02720903206457785
8,2016-01-14,0.015560930174943697
9,2016-01-15,-0.024174443634617772
10,2016-01-19,-0.0024819879545673767
11,2016-01-20,-0.005236830884258897
12,2016-01-21,0.0009789518248883378
13,2016-01-22,0.026368451930287515
14,2016-01-25,-0.018735754390637162
15,2016-01-26,0.015931605590551227
16,2016-01-27,-0.013393922362164972
17,2016-01-28,0.00604801338186315
18,2016-01-29,0.029177515144556385
19,2016-02-01,-0.0034219072003285195
20,2016-02-02,-0.022847205303822046
21,2016-02-03,0.005779669097592167
22,2016-02-04,0.003438353751487575
23,2016-02-05,-0.024436480662259057
24,2016-02-08,-0.015223071724570648
25,2016-02-09,-0.0061601418735405195
26,2016-02-10,0.0014879757005790018
27,2016-02-11,-0.01061055374890145
28,2016-02-12,0.01832875170091829
29,2016-02-16,0.02202910687609701
30,2016-02-17,0.017711554780682967
31,2016-02-18,-0.006014483589742997
32,2016-02-19,0.0020079459747385656
33,2016-02-22,0.015008803919749342
34,2016-02-23,-0.013164115823807148
35,2016-02-24,0.006648245606696895
36,2016-02-25,0.008769200135569062
37,2016-02-26,0.0006633377496788986
38,2016-02-29,-0.003550413701395828
39,2016-03-01,0.026179563695602464
40,2016-03-02,0.008083139732014112
41,2016-03-03,0.007192936852579593
42,2016-03-04,0.006776714610380976
43,2016-03-07,0.003704037401220144
44,2016-03-08,-0.017592670028710372
45,2016-03-09,0.005490434100248741
46,2016-03-10,-0.003729201502586096
47,2016-03-11,0.019730012036671813
48,2016-03-14,-0.002214186268633663
49,2016-03-15,-0.010245850675702852
50,2016-03-16,0.00942671987595439
51,2016-03-17,0.012153062780689502
52,2016-03-18,0.004760829110822902
53,2016-03-21,0.00016432187123940185
54,2016-03-22,-0.0005339809606704587
55,2016-03-23,-0.01575967294608477
56,2016-03-24,0.00097635761786346
57,2016-03-28,0.0010118909774655442
58,2016-03-29,0.020027787358969006
59,2016-03-30,0.003465984169865568
60,2016-03-31,0.0005024553465562635
61,2016-04-01,0.0046438652902443655
62,2016-04-04,-0.007309839956412354
63,2016-04-05,-0.01224619344580078
64,2016-04-06,0.01226664112085473
65,2016-04-07,-0.014533787421967852
66,2016-04-08,0.005262271644844474
67,2016-04-11,-0.0002807708947589257
68,2016-04-12,0.010896979447205413
69,2016-04-13,0.017357020181727016
70,2016-04-14,-0.0014192595443881927
71,2016-04-15,-0.00045411499253924235
72,2016-04-18,0.006564041111053548
73,2016-04-19,0.0025288164718179794
74,2016-04-20,0.0002281448461864945
75,2016-04-21,-0.0050545851090537525
76,2016-04-22,0.0010158570710016583
77,2016-04-25,-0.004789486088858239
78,2016-04-26,0.005951884337161583
79,2016-04-27,0.0016776655430386905
80,2016-04-28,-0.010928278835421943
81,2016-04-29,-0.006897056380309162
82,2016-05-02,0.006812734109678734
83,2016-05-03,-0.01588129547063038
84,2016-05-04,-0.008851655745129517
85,2016-05-05,-0.002026832658349707
86,2016-05-06,0.004641531980216723
87,2016-05-09,-0.0002243044739351262
88,2016-05-10,0.012701252844388815
89,2016-05-11,-0.009520703987052175
90,2016-05-12,-0.003727252584933746
91,2016-05-13,-0.008452768099050819
92,2016-05-16,0.012049396091291912
93,2016-05-17,-0.012161069185583134
94,2016-05-18,0.0014396035264678418
95,2016-05-19,-0.006948814063922254
96,2016-05-20,0.012735442470431249
97,2016-05-23,-0.0013518456356750486
98,2016-05-24,0.017335955751841107
99,2016-05-25,0.007321619385341281
100,2016-05-26,0.0011888954097979763
101,2016-05-27,0.006342796851692536
102,2016-05-31,0.0018714067665502993
103,2016-06-01,0.0034928325999555804
104,2016-06-02,0.00597741132997573
105,2016-06-03,-0.0015241460980292484
106,2016-06-06,0.008507458682881665
107,2016-06-07,0.002791838767224704
108,2016-06-08,0.005654960252708641
109,2016-06-09,-0.00558465609550414
110,2016-06-10,-0.014527744709953112
111,2016-06-13,-0.010421075871290479
112,2016-06-14,-0.0022921704857593282
113,2016-06-15,0.0014441501044085432
114,2016-06-16,0.0003697392146228913
115,2016-06-17,-0.00562063103389967
116,2016-06-20,0.01049569474444418
117,2016-06-21,0.00148703701059384
118,2016-06-22,-0.0034896404807773637
119,2016-06-23,0.018079304745525455
120,2016-06-24,-0.04216529568415208
121,2016-06-27,-0.024461341637178842
122,2016-06-28,0.0198092597602137
123,2016-06-29,0.021312755788204893
124,2016-06-30,0.015001053309996022
125,2016-07-01,0.004620065574047871
126,2016-07-05,-0.013059684892322766
127,2016-07-06,0.0028541554774678974
128,2016-07-07,0.00094518680504731
129,2016-07-08,0.020168372459521213
130,2016-07-11,0.008783235288962573
131,2016-07-12,0.010970793550481242
132,2016-07-13,-0.0026112036309707902
133,2016-07-14,0.005179224396474229
134,2016-07-15,0.00040725246528801004
135,2016-07-18,0.0039897069545472294
136,2016-07-19,-0.004990551606527037
137,2016-07-20,0.006762325214031918
138,2016-07-21,-0.003854887769825845
139,2016-07-22,0.006323927111828048
140,2016-07-25,-0.002920488358793196
141,2016-07-26,0.003949197803291047
142,2016-07-27,0.002951190954112361
143,2016-07-28,-0.0003554701364002447
144,2016-07-29,0.002529228859641545
145,2016-08-01,0.0008353417994695525
146,2016-08-02,-0.010337171861112415
147,2016-08-03,0.005533287011310927
148,2016-08-04,0.0020920866400182788
149,2016-08-05,0.011998259121429477
150,2016-08-08,0.0007095376777180548
151,2016-08-09,0.002200036137858802
152,2016-08-10,-0.004252961253796726
153,2016-08-11,0.006090889603989963
154,2016-08-12,-0.00021598451284790304
155,2016-08-15,0.0077774387368848945
156,2016-08-16,-0.006504982364958697
157,2016-08-17,-0.0018687307598036008
158,2016-08-18,0.005576758258820709
159,2016-08-19,-0.0012717253356558825
160,2016-08-22,-0.001116622191660623
161,2016-08-23,0.003275785228696139
162,2016-08-24,-0.005421185695982863
163,2016-08-25,0.0006637247012731325
164,2016-08-26,-0.0025473847923991166
165,2016-08-29,0.004905057228583086
166,2016-08-30,-0.00044485342086155057
167,2016-08-31,-0.005303393881749508
168,2016-09-01,0.002146198812877158
169,2016-09-02,0.008795239546463865
170,2016-09-06,0.005816370631625428
171,2016-09-07,0.0025138156060044207
172,2016-09-08,-0.002829257608525744
173,2016-09-09,-0.02932899129540207
174,2016-09-12,0.013444158868576367
175,2016-09-13,-0.01757667502187054
176,2016-09-14,0.0014617313830560452
177,2016-09-15,0.013210964143477992
178,2016-09-16,-0.00403366978618641
179,2016-09-19,0.003660419755981312
180,2016-09-20,-0.0015118247758973227
181,2016-09-21,0.015465712884308253
182,2016-09-22,0.010568999776272136
183,2016-09-23,-0.007690663600429683
184,2016-09-26,-0.011453780542985384
185,2016-09-27,0.007242826067238046
186,2016-09-28,0.0063939419939366
187,2016-09-29,-0.01282964335754672
188,2016-09-30,0.008599333485612636
189,2016-10-03,-0.0009493123266802743
190,2016-10-04,-0.005446634143969285
191,2016-10-05,0.006781847801214696
192,2016-10-06,-0.0003265625475456259
193,2016-10-07,-0.005568717863365681
194,2016-10-10,0.009609369629709645
195,2016-10-11,-0.017422733803883584
196,2016-10-12,-0.000637805892923458
197,2016-10-13,-0.006683589183803925
198,2016-10-14,-0.00133160315416048
199,2016-10-17,-0.0018303173055922253
200,2016-10-18,0.008464319058275766
201,2016-10-19,0.003528338670777193
202,2016-10-20,-0.002452785655847409
203,2016-10-21,0.0004534892743718551
204,2016-10-24,0.006612956930454107
205,2016-10-25,-0.004506858926620068
206,2016-10-26,-0.008107205415889555
207,2016-10-27,-0.00819770998082935
208,2016-10-28,-0.0036349501513634687
209,2016-10-31,0.0027313208990390604
210,2016-11-01,-0.009811777978831374
211,2016-11-02,-0.01043211779104785
212,2016-11-03,-0.005346798632850687
213,2016-11-04,-0.0002069613560812087
214,2016-11-07,0.026107246677017
215,2016-11-08,0.0043001130329123035
216,2016-11-09,0.011601818607090995
217,2016-11-10,0.000249185066435357
218,2016-11-11,0.007053760564035239
219,2016-11-14,0.003390935759874681
220,2016-11-15,0.008780503862228544
221,2016-11-16,-0.0007763589242695585
222,2016-11-17,0.005211407273616234
223,2016-11-18,0.0006659042229127782
224,2016-11-21,0.007073177194548387
225,2016-11-22,0.007860765623911534
226,2016-11-23,0.0004861670124027008
227,2016-11-25,0.0036236590418577165
228,2016-11-28,-0.006692698485480328
229,2016-11-29,0.0009416073569749183
230,2016-11-30,-0.004576921268416954
231,2016-12-01,-0.00804464872010942
232,2016-12-02,0.00038121611457462884
233,2016-12-05,0.012026107253967753
234,2016-12-06,0.007053231074856312
235,2016-12-07,0.012076192767432844
236,2016-12-08,0.008996985182388569
237,2016-12-09,0.0024439547612255343
238,2016-12-12,-0.0071692771287084995
239,2016-12-13,0.005353813206664972
240,2016-12-14,-0.012944612370767118
241,2016-12-15,0.0048466225096368614
242,2016-12-16,-0.0041919428380724965
243,2016-12-19,0.0030161127390003835
244,2016-12-20,0.005976495438809588
245,2016-12-21,-0.0064141244677392625
246,2016-12-22,-0.00890936464151066
247,2016-12-23,0.003912937953059424
248,2016-12-27,0.004221958020564872
249,2016-12-28,-0.006357992445776387
250,2016-12-29,0.003008262808571075
251,2016-12-30,-0.005501932206670399
252,2017-01-03,0.007362172492170036
253,2017-01-04,0.011251407630674132
254,2017-01-05,-0.0027248857310279394
255,2017-01-06,-0.0003127743111001279
256,2017-01-09,-0.0032674854112377276
257,2017-01-10,0.005957758157429178
258,2017-01-11,0.0038851660872830235
259,2017-01-12,-0.0036049270338895665
260,2017-01-13,0.004300598987434281
261,2017-01-17,-0.007690923951698075
262,2017-01-18,0.0013446184090038025
263,2017-01-19,-0.005138409730615672
264,2017-01-20,0.0038155758961658593
265,2017-01-23,0.00029965036188691187
266,2017-01-24,0.010665122222985594
267,2017-01-25,0.009678313734581969
268,2017-01-26,-0.002651238220692266
269,2017-01-27,-0.0014349902468178762
270,2017-01-30,-0.010012215269871673
271,2017-01-31,0.003290288749875536
272,2017-02-01,0.0010889267348232565
273,2017-02-02,-0.0004850539604927926
274,2017-02-03,0.010043745069370917
275,2017-02-06,-0.004098162862443432
276,2017-02-07,-0.0023349712889751263
277,2017-02-08,0.0007497756678388578
278,2017-02-09,0.009152297802453774
279,2017-02-10,0.006496159665517689
280,2017-02-13,0.003729962324072969
281,2017-02-14,0.003049248258451834
282,2017-02-15,0.006202909425162284
283,2017-02-16,-0.002163892537794
284,2017-02-17,1.9354357615528192e-07
285,2017-02-21,0.007541597514326742
286,2017-02-22,-0.0016497232317295909
287,2017-02-23,-0.0033200323381493333
288,2017-02-24,-0.0018502937902275364
289,2017-02-27,0.004571318019773895
290,2017-02-28,-0.01002938444243155
291,2017-03-01,0.0157643889938738
292,2017-03-02,-0.010514441896171282
293,2017-03-03,0.0014264938444081391
294,2017-03-06,-0.004073371216390767
295,2017-03-07,-0.003740509169386352
296,2017-03-08,-0.004789820654714084
297,2017-03-09,-0.002917943892573706
298,2017-03-10,0.005389546668962321
299,2017-03-13,0.003938368371205975
300,2017-03-14,-0.004359953295480435
301,2017-03-15,0.014516059935427567
302,2017-03-16,0.0012255718813885814
303,2017-03-17,9.919853655813255e-05
304,2017-03-20,-5.537803575583446e-05
305,2017-03-21,-0.02023833739911965
306,2017-03-22,0.0025444680114007083
307,2017-03-23,0.0021829082078374637
308,2017-03-24,-0.00034722451840831804
309,2017-03-27,0.0005020833147730285
310,2017-03-28,0.00649492467683214
311,2017-03-29,0.0028216740881449117
312,2017-03-30,0.003520993714139724
313,2017-03-31,-0.0009982522961576553
314,2017-04-03,-0.004446786396314379
315,2017-04-04,-8.18074807451763e-05
316,2017-04-05,-0.007149996066718208
317,2017-04-06,0.0046980263945527135
318,2017-04-07,-0.000791710163322689
319,2017-04-10,0.0005119784938163239
320,2017-04-11,0.002415412864569414
321,2017-04-12,-0.007080622609944876
322,2017-04-13,-0.0072333283726169215
323,2017-04-17,0.01041088572395069
324,2017-04-18,-0.0028932697383875733
325,2017-04-19,0.0005344546913753341
326,2017-04-20,0.011105516009996824
327,2017-04-21,-0.0016684524009550447
328,2017-04-24,0.01245089377763994
329,2017-04-25,0.008437448675148571
330,2017-04-26,0.0014316467347014446
331,2017-04-27,0.0008432329028227458
332,2017-04-28,-0.006183819959147603
333,2017-05-01,0.0057355071273249405
334,2017-05-02,-0.0007953765864458216
335,2017-05-03,-0.004873788319904403
336,2017-05-04,-0.002336185099304373
337,2017-05-05,0.005837899657999345
338,2017-05-08,-0.001674933209640431
339,2017-05-09,0.0024620915182105955
340,2017-05-10,0.004530525236955825
341,2017-05-11,-0.003424276437002043
342,2017-05-12,-0.0016862568079317498
343,2017-05-15,0.007001925298166776
344,2017-05-16,0.0009089105674076249
345,2017-05-17,-0.02335305557780117
346,2017-05-18,0.001058164497848298
347,2017-05-19,0.007891423350922125
348,2017-05-22,0.005744609786143292
349,2017-05-23,0.0022949092313356875
350,2017-05-24,0.0022024003100523364
351,2017-05-25,0.0034808162701004813
352,2017-05-26,0.0007664630461601383
353,2017-05-30,-0.004657741967625054
354,2017-05-31,-0.00194081436424548
355,2017-06-01,0.012728172894401204
356,2017-06-02,0.006542317282852897
357,2017-06-05,-0.00333215049798857
358,2017-06-06,-0.0016147830830855192
359,2017-06-07,0.0012445705931288492
360,2017-06-08,0.007816752002577032
361,2017-06-09,-0.003509712676398288
362,2017-06-12,-0.002669586846338154
363,2017-06-13,0.005540369426074948
364,2017-06-14,-0.0038338230397126183
365,2017-06-15,-0.005343804728796966
366,2017-06-16,-0.0029288025134124947
367,2017-06-19,0.009645945290248517
368,2017-06-20,-0.01009266001274432
369,2017-06-21,0.000882468635804965
370,2017-06-22,0.0025719889306250803
371,2017-06-23,0.004970309531925192
372,2017-06-26,0.0015569577831959617
373,2017-06-27,-0.010804278770343382
374,2017-06-28,0.012712492532819648
375,2017-06-29,-0.00960540575365958
376,2017-06-30,0.00045510695115590647
377,2017-07-03,0.003448811721874892
378,2017-07-05,8.277083162780007e-05
379,2017-07-06,-0.013505821731323262
380,2017-07-07,0.007973371249472564
381,2017-07-10,0.0009244922504537086
382,2017-07-11,0.003187340134699129
383,2017-07-12,0.010432743487219592
384,2017-07-13,0.0019433566200832862
385,2017-07-14,0.0052008199131179725
386,2017-07-17,0.0003661116642703851
387,2017-07-18,0.0005488898974206466
388,2017-07-19,0.008155837175149103
389,2017-07-20,0.00044078236900218544
390,2017-07-21,-0.002506355171625074
391,2017-07-24,0.0019464082921163443
392,2017-07-25,0.003867662743091884
393,2017-07-26,-0.0006214771155186056
394,2017-07-27,-0.005234482842525082
395,2017-07-28,-0.0016998803776579106
396,2017-07-31,-0.0021478352962130175
397,2017-08-01,0.002218745492059441
398,2017-08-02,-0.00447776363101976
399,2017-08-03,-0.004108373076269947
400,2017-08-04,0.0035914378664664765
401,2017-08-07,0.003406441560505135
402,2017-08-08,-0.002182623744840189
403,2017-08-09,-0.0059263176156481604
404,2017-08-10,-0.01899574028705022
405,2017-08-11,0.002668587937602199
406,2017-08-14,0.012931746349869731
407,2017-08-15,-0.0036097504141835947
408,2017-08-16,0.0025598498622947745
409,2017-08-17,-0.017216355432494036
410,2017-08-18,0.0010620131753029938
411,2017-08-21,0.00023766706525411204
412,2017-08-22,0.01162593248127811
413,2017-08-23,-0.0011884985384004558
414,2017-08-24,0.0010947620135613424
415,2017-08-25,0.0024159400414567925
416,2017-08-28,0.0019406670206699177
417,2017-08-29,0.0006791250900193729
418,2017-08-30,0.006199871918605739
419,2017-08-31,0.007871738851609968
420,2017-09-01,0.003983009867563594
421,2017-09-05,-0.009676756102256769
422,2017-09-06,0.003257254963365762
423,2017-09-07,0.0004818297577843434
424,2017-09-08,-0.0025051883271552376
425,2017-09-11,0.011200802949937678
426,2017-09-12,0.0037228284877150854
427,2017-09-13,0.0008101032686009981
428,2017-09-14,-0.001054132640808335
429,2017-09-15,0.0029572097257874407
430,2017-09-18,0.0036129480236064574
431,2017-09-19,0.0008576882237946988
432,2017-09-20,0.0002473266673156776
433,2017-09-21,-0.0020350648115783645
434,2017-09-22,0.0008874093426662173
435,2017-09-25,-0.004507848941504077
436,2017-09-26,0.0004499522780716166
437,2017-09-27,0.01093070125404757
438,2017-09-28,0.0012883360170172708
439,2017-09-29,0.005012828279974141
440,2017-10-02,0.006792720274147608
441,2017-10-03,0.004562713998908585
442,2017-10-04,-0.00118092573195069
443,2017-10-05,0.005355474741062349
444,2017-10-06,-0.0015033600591455281
445,2017-10-09,-0.0025692927092586934
446,2017-10-10,0.0036855195805659997
447,2017-10-11,0.0012445885419409268
448,2017-10-12,-0.001004299509294952
449,2017-10-13,0.0016181322429607379
450,2017-10-16,0.00030834077556978466
451,2017-10-17,-0.0019232514031984837
452,2017-10-18,0.0026426941054507177
453,2017-10-19,-0.0028714699767294384
454,2017-10-20,0.004216226692587778
455,2017-10-23,-0.006769433270918931
456,2017-10-24,0.0015931406270527615
457,2017-10-25,-0.004202961265264499
458,2017-10-26,-0.0005226878151202971
459,2017-10-27,0.01235208754384772
460,2017-10-30,-0.0063716224943257925
461,2017-10-31,0.005937836502248149
462,2017-11-01,-0.0020722901120449433
463,2017-11-02,0.001370725722519099
464,2017-11-03,0.0010449902052888532
465,2017-11-06,0.003370106020273529
466,2017-11-07,-0.006826093904877885
467,2017-11-08,0.0024750963209582734
468,2017-11-09,-0.004314630130515088
469,2017-11-10,-0.0011743633239517375
470,2017-11-13,0.0001307372278259829
471,2017-11-14,-0.0035078121630709802
472,2017-11-15,-0.004501202648500312
473,2017-11-16,0.014276001811549886
474,2017-11-17,0.0018692518167769086
475,2017-11-20,0.004516913629070541
476,2017-11-21,0.010343136402427776
477,2017-11-22,-0.00013020678530198775
478,2017-11-24,0.0008673926743592915
479,2017-11-27,-0.00418002679966254
480,2017-11-28,0.011010291302129755
481,2017-11-29,-0.004338667613840777
482,2017-11-30,0.0019516141457535487
483,2017-12-01,-0.004042228923230481
484,2017-12-04,-0.0036434587166137545
485,2017-12-05,-0.005368333900704489
486,2017-12-06,-0.0037755093767550887
487,2017-12-07,0.004958361694166629
488,2017-12-08,0.004218554017511956
489,2017-12-11,0.0025705849936750232
490,2017-12-12,-0.0025772941617667835
491,2017-12-13,0.005243446439383171
492,2017-12-14,-0.007380710385651774
493,2017-12-15,0.00970220934288763
494,2017-12-18,0.01060904145772399
495,2017-12-19,-0.008987166111504885
496,2017-12-20,0.0008808044676166017
497,2017-12-21,0.0018065512964589557
498,2017-12-22,0.0003662957908174178
499,2017-12-26,-0.0010249168621600114
500,2017-12-27,9.394303475719198e-05
501,2017-12-28,0.00363601998121043
502,2017-12-29,-0.004848470204614085
503,2018-01-02,0.01210967050723652
504,2018-01-03,0.004975148558505761
505,2018-01-04,0.0031740641453078733
506,2018-01-05,0.005414330594915499
507,2018-01-08,0.0017372855145303772
508,2018-01-09,-0.0005220866955177701
509,2018-01-10,-0.0017201985217750407
510,2018-01-11,0.01171556666808283
511,2018-01-12,0.006093238181678911
512,2018-01-16,-0.007839912872725927
513,2018-01-17,0.0103646272060791
514,2018-01-18,-0.0033094885587518766
515,2018-01-19,0.009032827454611873
516,2018-01-22,0.006846379011023501
517,2018-01-23,0.004164874629368638
518,2018-01-24,-0.0026694934999402925
519,2018-01-25,8.913396960726453e-05
520,2018-01-26,0.008825620922376284
521,2018-01-29,-0.007341960796863497
522,2018-01-30,-0.010172769607643597
523,2018-01-31,-0.0001464560038949887
524,2018-02-01,-0.002559946609183672
525,2018-02-02,-0.020929187227856024
526,2018-02-05,-0.03860410111670543
527,2018-02-06,0.019463139014358137
528,2018-02-07,-0.008254225711551308
529,2018-02-08,-0.03396476723246976
530,2018-02-09,0.012862598564327444
531,2018-02-12,0.0129690941047181
532,2018-02-13,0.003699520247492016
533,2018-02-14,0.018555262780573276
534,2018-02-15,0.014258103551409627
535,2018-02-16,0.0003872101282237815
536,2018-02-20,-0.0070516258955427655
537,2018-02-21,-0.0010101648805600117
538,2018-02-22,-0.0004365244683590877
539,2018-02-23,0.015670290709946046
540,2018-02-26,0.009085700011220728
541,2018-02-27,-0.016276791419816597
542,2018-02-28,-0.012905935228664185
543,2018-03-01,-0.007019910104916257
544,2018-03-02,0.0108451076249404
545,2018-03-05,0.008457599130800846
546,2018-03-06,0.007949516100810256
547,2018-03-07,0.004711958599368933
548,2018-03-08,0.0008743740513134555
549,2018-03-09,0.01777216738157046
550,2018-03-12,0.001968991226199217
551,2018-03-13,-0.007298631073365187
552,2018-03-14,-0.002894811523923734
553,2018-03-15,-0.003360498391964062
554,2018-03-16,0.0012471371479020033
555,2018-03-19,-0.012836994815279338
556,2018-03-20,0.0026912468329502335
557,2018-03-21,0.0027019321889593237
558,2018-03-22,-0.02601060332654388
559,2018-03-23,-0.022129353645279255
560,2018-03-26,0.02751440975649937
561,2018-03-27,-0.021116002067729452
562,2018-03-28,-0.003696771124261457
563,2018-03-29,0.014015176422698547
564,2018-04-02,-0.02352828494816539
565,2018-04-03,0.0126929294348563
566,2018-04-04,0.010675449821260256
567,2018-04-05,0.0067063146256605925
568,2018-04-06,-0.02117787129078764
569,2018-04-09,0.0028921368174280875
570,2018-04-10,0.019020681822273795
571,2018-04-11,-0.0008300513442739103
572,2018-04-12,0.0067189778396835416
573,2018-04-13,-0.005653521318316898
574,2018-04-16,0.0073760180792721815
575,2018-04-17,0.011173050379562108
576,2018-04-18,0.003260806740232712
577,2018-04-19,-0.006885100087378387
578,2018-04-20,-0.008996265286874876
579,2018-04-23,-0.002576992461063815
580,2018-04-24,-0.009604931385219331
581,2018-04-25,-0.0014123672634878627
582,2018-04-26,0.010326543183397978
583,2018-04-27,0.0006774656890293004
584,2018-04-30,-0.008053770801253936
585,2018-05-01,0.003778203490212066
586,2018-05-02,-0.0018468109593766393
587,2018-05-03,-0.003345852048020013
588,2018-05-04,0.012310308465087454
589,2018-05-07,0.005050668071034088
590,2018-05-08,0.0031671153117332606
591,2018-05-09,0.0065055313153046645
592,2018-05-10,0.009641350379348105
593,2018-05-11,0.0009977403089895592
594,2018-05-14,-0.0012102086307434871
595,2018-05-15,-0.006662655969200423
596,2018-05-16,0.009480265720269202
597,2018-05-17,-0.0013031541947777225
598,2018-05-18,-0.0021915187899980326
599,2018-05-21,0.0065016327690338325
600,2018-05-22,-0.0035535702955684974
601,2018-05-23,0.0024996484999437536
602,2018-05-24,-0.001174126257856813
603,2018-05-25,-0.0003735584145672834
604,2018-05-29,-0.007498473001254371
605,2018-05-30,0.01248718265136899
606,2018-05-31,-0.005061226002471348
607,2018-06-01,0.010035787637051685
608,2018-06-04,0.006708533092871017
609,2018-06-05,0.0022675792746534415
610,2018-06-06,0.008560246991989746
611,2018-06-07,-0.0067033339095880365
612,2018-06-08,0.0016196509614990414
613,2018-06-11,0.0014174477537167466
614,2018-06-12,0.0028591938876161792
615,2018-06-13,-0.0036138842478235103
616,2018-06-14,0.0035650265643387092
617,2018-06-15,-0.0028535941508882074
618,2018-06-18,-0.0007237271905919545
619,2018-06-19,-0.004369891497204563
620,2018-06-20,0.005931005693747593
621,2018-06-21,-0.00950844677607952
622,2018-06-22,0.00024089851101172726
623,2018-06-25,-0.016414332009653122
624,2018-06-26,0.0030520529847121573
625,2018-06-27,-0.014734646704142013
626,2018-06-28,0.005565157666320242
627,2018-06-29,0.0032380243837672315
628,2018-07-02,0.003073724987209184
629,2018-07-03,-0.0023557168212002635
630,2018-07-05,0.008561989075760919
631,2018-07-06,0.010726698251839703
632,2018-07-09,0.009326558347075251
633,2018-07-10,-0.0018000624305132096
634,2018-07-11,-0.009611134844801306
635,2018-07-12,0.009289738021966445
636,2018-07-13,-0.0010118582369466206
637,2018-07-16,-0.0033777524022127704
638,2018-07-17,0.005163770192826938
639,2018-07-18,0.0011727823688457112
640,2018-07-19,-0.0003187707345643551
641,2018-07-20,0.00032387307534740325
642,2018-07-23,0.00032093235267919125
643,2018-07-24,-0.0009087843312134875
644,2018-07-25,0.008513736185014623
645,2018-07-26,-0.0024498217538645463
646,2018-07-27,-0.011780594699672936
647,2018-07-30,-0.0067076969221845535
648,2018-07-31,0.007975609635204528
649,2018-08-01,-0.0015027061431709364
650,2018-08-02,0.004481537768924553
651,2018-08-03,0.0009891266266828917
652,2018-08-06,0.002982752220987311
653,2018-08-07,0.00414492146365084
654,2018-08-08,-0.0005237350390223333
655,2018-08-09,0.0003615808730077469
656,2018-08-10,-0.007562892888434002
657,2018-08-13,-0.0064847147780818315
658,2018-08-14,0.007975904015149185
659,2018-08-15,-0.014374653317419486
660,2018-08-16,0.007391090040120717
661,2018-08-17,0.004528725506495522
662,2018-08-20,0.0023316740413043186
663,2018-08-21,0.008717449805568434
664,2018-08-22,0.003128795583712295
665,2018-08-23,-0.0047557629755111686
666,2018-08-24,0.008512455623103205
667,2018-08-27,0.006355813297847335
668,2018-08-28,0.00014720221153702312
669,2018-08-29,0.005417836907332976
670,2018-08-30,-0.005963108628415209
671,2018-08-31,0.0029472097136656905
672,2018-09-04,-0.0065690327700353235
673,2018-09-05,-0.006518580166321622
674,2018-09-06,-0.005116946639584464
675,2018-09-07,-0.002141978690877067
676,2018-09-10,-0.0002423288441222712
677,2018-09-11,0.003087436982730027
678,2018-09-12,-0.0007159687879161481
679,2018-09-13,0.005378825932503053
680,2018-09-14,0.0013573104438658534
681,2018-09-17,-0.01007660723078208
682,2018-09-18,0.00606830330526052
683,2018-09-19,0.0007376144897482429
684,2018-09-20,0.009681125257370467
685,2018-09-21,-0.003367105560539668
686,2018-09-24,-0.004149281859779976
687,2018-09-25,0.0014990843667600235
688,2018-09-26,-0.005624584784925218
689,2018-09-27,0.0028514614521014062
690,2018-09-28,0.0002494792123725324
691,2018-10-01,-0.005255145953471861
692,2018-10-02,-0.007840523396497469
693,2018-10-03,0.0029895037142254133
694,2018-10-04,-0.01569894210350552
695,2018-10-05,-0.008042756925978198
696,2018-10-08,-0.0018051762147096929
697,2018-10-09,-0.002164828982155937
698,2018-10-10,-0.03209589744734093
699,2018-10-11,-0.016673305676975864
700,2018-10-12,0.013607483669835803
701,2018-10-15,-0.003506923673437531
702,2018-10-16,0.02700538730311709
703,2018-10-17,-0.004070457912737537
704,2018-10-18,-0.02012239631915853
705,2018-10-19,-0.0034064266482968313
706,2018-10-22,0.0011155017084578328
707,2018-10-23,-0.00764265160022238
708,2018-10-24,-0.03680345484618016
709,2018-10-25,0.022919457811118586
710,2018-10-26,-0.014972131330378963
711,2018-10-29,-0.0104398270609568
712,2018-10-30,0.01867746286927734
713,2018-10-31,0.009264511685387217
714,2018-11-01,0.021299885041118825
715,2018-11-02,-0.0010591943285359646
716,2018-11-05,0.0006320137722162227
717,2018-11-06,0.004480133565956045
718,2018-11-07,0.021040007192297757
719,2018-11-08,-0.007238098051360266
720,2018-11-09,-0.016701283499898165
721,2018-11-12,-0.02042966325056862
722,2018-11-13,0.000314655814175682
723,2018-11-14,-0.004945567303959895
724,2018-11-15,0.015557348835260774
725,2018-11-16,0.0013126974368288427
726,2018-11-19,-0.020625493580966905
727,2018-11-20,-0.019301262493885613
728,2018-11-21,0.011699553737123098
729,2018-11-23,-0.004926529940783449
730,2018-11-26,0.01530907953229261
731,2018-11-27,-0.0015386631024375177
732,2018-11-28,0.02558469074068356
733,2018-11-29,-0.0037502383876629425
734,2018-11-30,0.004638040952486911
735,2018-12-03,0.013452690010304925
736,2018-12-04,-0.03632674837715465
737,2018-12-06,-0.001681879580182931
738,2018-12-07,-0.02337695922032346
739,2018-12-10,-0.0010413551398309358
740,2018-12-11,0.0015172034781416462
741,2018-12-12,0.009818629781300915
742,2018-12-13,-0.00668779936074207
743,2018-12-14,-0.017171471460674787
744,2018-12-17,-0.021049589674981318
745,2018-12-18,-0.0010960684739247176
746,2018-12-19,-0.019686436736866104
747,2018-12-20,-0.011691941260630485
748,2018-12-21,-0.02342460355123402
749,2018-12-24,-0.020397437503232932
750,2018-12-26,0.04591139227540734
751,2018-12-27,0.0037623322828243483
752,2018-12-28,0.0027058529970465576
753,2018-12-31,0.00588382229208487
754,2019-01-02,0.004004385169905489
755,2019-01-03,-0.021564674008288574
756,2019-01-04,0.036699569304034355
757,2019-01-07,0.012173449392471015
758,2019-01-08,0.011171983355760862
759,2019-01-09,0.009276177211342789
760,2019-01-10,0.004826672749484244
761,2019-01-11,-0.0012943529223987207
762,2019-01-14,-0.008803255052940044
763,2019-01-15,0.010641438993525229
764,2019-01-16,0.006086635005789841
765,2019-01-17,0.0077790533454951336
766,2019-01-18,0.009794419567482431
767,2019-01-22,-0.01641374373986719
768,2019-01-23,0.0010802329753562573
769,2019-01-24,0.005781222086668802
770,2019-01-25,0.011989320822629733
771,2019-01-28,-0.00786141975256785
772,2019-01-29,-0.0027253262777896916
773,2019-01-30,0.016223760865819087
774,2019-01-31,0.009679028929378768
775,2019-02-01,-0.0016510150760394385
776,2019-02-04,0.009360978950279774
777,2019-02-05,0.0051931676418577955
778,2019-02-06,-0.0037259381469662753
779,2019-02-07,-0.009676779030235734
780,2019-02-08,7.490103753001739e-05
781,2019-02-11,0.003315625876003905
782,2019-02-12,0.012237239763390206
783,2019-02-13,0.0007884589863473605
784,2019-02-14,0.0012438773813515686
785,2019-02-15,0.009966085375206955
786,2019-02-19,0.0033279766386480197
787,2019-02-20,0.0035570288476101694
788,2019-02-21,-0.0034426048913305607
789,2019-02-22,0.008432463353963486
790,2019-02-25,0.0029458618060682084
791,2019-02-26,-0.0038219501167896493
792,2019-02-27,-0.0010120944215070153
793,2019-02-28,-0.004637879292174753
794,2019-03-01,0.006936465992101827
795,2019-03-04,-0.004654965173965006
796,2019-03-05,-0.0005942900038264634
797,2019-03-06,-0.012347552168503698
798,2019-03-07,-0.011005108902031489
799,2019-03-08,-0.0019912274621878092
800,2019-03-11,0.017756159156487792
801,2019-03-12,0.002773723044386274
802,2019-03-13,0.0045549387700663975
803,2019-03-14,-0.003282792443573952
804,2019-03-15,0.0055325418240543284
805,2019-03-18,0.0057215611435973155
806,2019-03-19,-0.0016994975592095958
807,2019-03-20,-0.004767113734655134
808,2019-03-21,0.011183708264741531
809,2019-03-22,-0.02962569536609999
810,2019-03-25,0.002044597674192935
811,2019-03-26,0.007650410074908226
812,2019-03-27,-0.005770216909334967
813,2019-03-28,0.006439873209114025
814,2019-03-29,0.005701975252095585
815,2019-04-01,0.012469039089206452
816,2019-04-02,-0.0010412634102399498
817,2019-04-03,0.004950091623940348
818,2019-04-04,0.003804086199518809
819,2019-04-05,0.007551508087400826
820,2019-04-08,-0.0002069333959352507
821,2019-04-09,-0.0076736787759057665
822,2019-04-10,0.008826567927958665
823,2019-04-11,-0.002953244725004965
824,2019-04-12,0.004934624041320044
825,2019-04-15,-0.002530505260085773
826,2019-04-16,0.0031435468502196045
827,2019-04-17,-0.0036521470364383334
828,2019-04-18,-0.0009498661752669129
829,2019-04-22,-0.0017450279063462386
830,2019-04-23,0.011357498516782251
831,2019-04-24,-0.0018260180745668557
832,2019-04-25,-0.003577500059950149
833,2019-04-26,0.006260228410577891
834,2019-04-29,0.0032549038547291516
835,2019-04-30,-0.003636772577263436
836,2019-05-01,-0.007695663931104849
837,2019-05-02,0.0014778476274820624
838,2019-05-03,0.015665180086778797
839,2019-05-06,-0.0048560269310818594
840,2019-05-07,-0.01916534699017407
841,2019-05-08,-0.0032317086596918457
842,2019-05-09,-0.00597803748658227
843,2019-05-10,0.003515429420981035
844,2019-05-13,-0.03142740419651244
845,2019-05-14,0.011845365666788154
846,2019-05-15,0.005479922093836704
847,2019-05-16,0.005470243991869912
848,2019-05-17,-0.012681154876114398
849,2019-05-20,-0.00812610283066264
850,2019-05-21,0.011999295990588672
851,2019-05-22,-0.006125196884826694
852,2019-05-23,-0.016801937366541616
853,2019-05-24,0.0048483470167936865
854,2019-05-28,-0.005416775222370062
855,2019-05-29,-0.005363993447275376
856,2019-05-30,0.0009394378747315232
857,2019-05-31,-0.011111164172127853
858,2019-06-03,-0.0011529660177319173
859,2019-06-04,0.021175245145913305
860,2019-06-05,0.0015078161397462555
861,2019-06-06,0.0014335025655714403
862,2019-06-07,0.009860546611692316
863,2019-06-10,0.007471179527467798
864,2019-06-11,0.0007620084313849217
865,2019-06-12,-0.002655459505277626
866,2019-06-13,0.006484731127864103
867,2019-06-14,-0.007033999828590445
868,2019-06-17,0.002079368832959189
869,2019-06-18,0.014126929086460703
870,2019-06-19,0.004208471237475924
871,2019-06-20,0.008106095622606665
872,2019-06-21,-0.0060311865616237675
873,2019-06-24,-0.0066138652772095045
874,2019-06-25,-0.009425774353486193
875,2019-06-26,0.0011929600541731194
876,2019-06-27,0.011438957300157374
877,2019-06-28,0.0066669416567441695
878,2019-07-01,0.00786024675406223
879,2019-07-02,-0.002187625603615697
880,2019-07-03,0.005792210758187943
881,2019-07-05,-0.0004911311704648707
882,2019-07-08,-0.007767249163193381
883,2019-07-09,0.0012041657790605354
884,2019-07-10,0.00488415549175406
885,2019-07-11,-0.002364091370762935
886,2019-07-12,0.005596628621717472
887,2019-07-15,-0.0012255895405201484
888,2019-07-16,-0.001861732769696084
889,2019-07-17,-0.0059784708068916755
890,2019-07-18,0.0036910751922608273
891,2019-07-19,-0.005880594868679162
892,2019-07-22,0.0014292972337243072
893,2019-07-23,0.005753921028321734
894,2019-07-24,0.01020078954191306
895,2019-07-25,-0.00978233005729012
896,2019-07-26,0.008971373675822495
897,2019-07-29,-0.0044212709364770016
898,2019-07-30,0.0026067688639681416
899,2019-07-31,-0.010342899681604525
900,2019-08-01,-0.012689477387908411
901,2019-08-02,-0.010838262744915882
902,2019-08-05,-0.032314877732919814
903,2019-08-06,0.012046981590458477
904,2019-08-07,0.001843638819902207
905,2019-08-08,0.019501326196221008
906,2019-08-09,-0.010553979439919037
907,2019-08-12,-0.012382353573231943
908,2019-08-13,0.013962896310862623
909,2019-08-14,-0.028742706705918192
910,2019-08-15,-0.0003619794420714103
911,2019-08-16,0.01798791577788597
912,2019-08-19,0.010403699444626768
913,2019-08-20,-0.005445679228117208
914,2019-08-21,0.008566142648018958
915,2019-08-22,-0.00399012210400154
916,2019-08-23,-0.027204156988398745
917,2019-08-26,0.010736449457513259
918,2019-08-27,-0.007583192985303638
919,2019-08-28,0.007861549222167433
920,2019-08-29,0.015195485631761584
921,2019-08-30,2.1358936568994093e-06
922,2019-09-03,-0.010770612079381164
923,2019-09-04,0.011267738403207047
924,2019-09-05,0.016274958108401145
925,2019-09-06,-0.0014498936554377432
926,2019-09-09,0.006648253872226177
927,2019-09-10,0.005653431492366973
928,2019-09-11,0.01384311728660672
929,2019-09-12,0.002711976560909186
930,2019-09-13,0.0010713028393222843
931,2019-09-16,-0.0009778532201704943
932,2019-09-17,8.935538004176049e-05
933,2019-09-18,-0.003605235424330435
934,2019-09-19,-0.0027414402311441858
935,2019-09-20,-0.004315167962401182
936,2019-09-23,-0.0005148899640436204
937,2019-09-24,-0.014357219611685932
938,2019-09-25,0.008078184344231855
939,2019-09-26,-0.006356639972686733
940,2019-09-27,-0.009169361727567426
941,2019-09-30,0.004031133595487721
942,2019-10-01,-0.014076272183414631
943,2019-10-02,-0.011020404152382942
944,2019-10-03,0.0073081389351822585
945,2019-10-04,0.01022707124084464
946,2019-10-07,-0.0035624407292463296
947,2019-10-08,-0.014309906005374422
948,2019-10-09,0.006969152004980688
949,2019-10-10,0.0062502023297348434
950,2019-10-11,0.01492057152778661
951,2019-10-14,-0.002707873292775847
952,2019-10-15,0.010975350177982228
953,2019-10-16,0.0002884000072630177
954,2019-10-17,0.007257991319094632
955,2019-10-18,-0.005620767515949332
956,2019-10-21,0.008773711126788458
957,2019-10-22,-0.0013153450841657047
958,2019-10-23,0.0014730012175959298
959,2019-10-24,0.0013096842729571822
960,2019-10-25,0.005878276467529259
961,2019-10-28,0.007844378020537866
962,2019-10-29,-0.0007512071744088763
963,2019-10-30,0.0005854647153587879
964,2019-10-31,-0.004447092017978792
965,2019-11-01,0.013940638003088465
966,2019-11-04,0.006079810663705833
967,2019-11-05,0.001502410014381075
968,2019-11-06,-0.0036588601725217225
969,2019-11-07,0.003742158042042856
970,2019-11-08,0.000830808091232322
971,2019-11-11,-0.0027062054033677105
972,2019-11-12,-0.00010596740149858069
973,2019-11-13,-0.0032745181369095116
974,2019-11-14,8.823153220163338e-05
975,2019-11-15,0.006405448901656739
976,2019-11-18,-0.0012134095638038974
977,2019-11-19,0.0023426840602566775
978,2019-11-20,-0.0042620669652776
979,2019-11-21,-0.003376207610355355
980,2019-11-22,0.0019784025400433466
981,2019-11-25,0.0152752726688142
982,2019-11-26,0.0005287581276278244
983,2019-11-27,0.005555865925350858
984,2019-11-29,-0.007292379967937397
985,2019-12-02,-0.007960112286027977
986,2019-12-03,-0.004960617089339177
987,2019-12-04,0.006560703734263259
988,2019-12-05,0.0019124786930170708
989,2019-12-06,0.010042245801605584
990,2019-12-09,-0.0029385332381029706
991,2019-12-10,0.0005632862534898642
992,2019-12-11,0.0038357160482868965
993,2019-12-12,0.009949306039301796
994,2019-12-13,-0.0012246467593661537
995,2019-12-16,0.0023531321386279095
996,2019-12-17,0.0041120075263465245
997,2019-12-18,0.002016475630196114
998,2019-12-19,0.003933911160118916
999,2019-12-20,0.0016542623671974707
1000,2019-12-23,0.0015301432689765041
1001,2019-12-24,0.000790984275317248
1002,2019-12-26,0.0037296227083093315
1003,2019-12-27,-0.0018279319274772006
1004,2019-12-30,-0.004478066256361422
1005,2019-12-31,0.0018059219714708433
1006,2020-01-02,0.008417712661584524
1007,2020-01-03,-0.008036870799096442
1008,2020-01-06,0.0019991196964284368
1009,2020-01-07,-0.0022143138600535964
1010,2020-01-08,0.0047326743523508985
1011,2020-01-09,0.004407270865953588
1012,2020-01-10,-0.0018056727100378596
1013,2020-01-13,0.00902847084627133
1014,2020-01-14,-0.00018998247305009757
1015,2020-01-15,0.0013823395644685633
1016,2020-01-16,0.010375734706015872
1017,2020-01-17,0.0011089855319848358
1018,2020-01-21,-0.008782923292608817
1019,2020-01-22,0.001607314536049011
1020,2020-01-23,-0.0013582915135527853
1021,2020-01-24,-0.010275166003375769
1022,2020-01-27,-0.0178572920656161
1023,2020-01-28,0.00993659957878297
1024,2020-01-29,-0.0017236248835308862
1025,2020-01-30,-0.0014053050610681646
1026,2020-01-31,-0.01934689288188346
1027,2020-02-03,0.01115770334015468
1028,2020-02-04,0.01831692146045087
1029,2020-02-05,0.010929207429620957
1030,2020-02-06,0.001177541023598599
1031,2020-02-07,-0.009948007366622878
1032,2020-02-10,0.0070721872176832705
1033,2020-02-11,0.005913335207908316
1034,2020-02-12,0.008479959408093528
1035,2020-02-13,-0.0014709546900173475
1036,2020-02-14,-0.0009731184489525351
1037,2020-02-18,-0.002550228369249145
1038,2020-02-19,0.00622697065242182
1039,2020-02-20,-0.003912670723520851
1040,2020-02-21,-0.010979677649304364
1041,2020-02-24,-0.03339743094813383
1042,2020-02-25,-0.028299357756515507
1043,2020-02-26,-0.003516745098038233
1044,2020-02-27,-0.03766114988270898
1045,2020-02-28,-0.009203075774412543
1046,2020-03-02,0.035975442604967725
1047,2020-03-03,-0.021514581875573317
1048,2020-03-04,0.0313783262432662
1049,2020-03-05,-0.029882316547396044
1050,2020-03-06,-0.018811515360372153
1051,2020-03-09,-0.08371196443067638
1052,2020-03-10,0.042988680372971405
1053,2020-03-11,-0.05440175391555929
1054,2020-03-12,-0.10255909727269413
1055,2020-03-13,0.07490462887305338
1056,2020-03-16,-0.12471889628223225
1057,2020-03-17,0.05721494710847361
1058,2020-03-18,-0.0656647250120743
1059,2020-03-19,0.02061161047226485
1060,2020-03-20,-0.02544291752192636
1061,2020-03-23,-0.015976954826663912
1062,2020-03-24,0.08579584390814532
1063,2020-03-25,0.011634929931039852
1064,2020-03-26,0.055595973727635015
1065,2020-03-27,-0.03845982046254553
1066,2020-03-30,0.025397858016140855
1067,2020-03-31,-0.005310247931460464
1068,2020-04-01,-0.05517604694844886
1069,2020-04-02,0.01798038857217379
1070,2020-04-03,-0.02178748168059984
1071,2020-04-06,0.07019823918852516
1072,2020-04-07,0.002231975224108494
1073,2020-04-08,0.0330563200346939
1074,2020-04-09,0.025020982912421944
1075,2020-04-13,-0.012331627979287257
1076,2020-04-14,0.026400760721863793
1077,2020-04-15,-0.02960556000751229
1078,2020-04-16,0.001383769340690881
1079,2020-04-17,0.031232586882607914
1080,2020-04-20,-0.01297895031865696
1081,2020-04-21,-0.027948935633007148
1082,2020-04-22,0.019616831320393418
1083,2020-04-23,0.00364581687883314
1084,2020-04-24,0.013127002770714411
1085,2020-04-27,0.026301382850217138
1086,2020-04-28,0.003149788730206599
1087,2020-04-29,0.03925610026504231
1088,2020-04-30,-0.023235860397354396
1089,2020-05-01,-0.034718729872144034
1090,2020-05-04,0.0064537384090882265
1091,2020-05-05,0.008246987207484208
1092,2020-05-06,-0.004135328885689391
1093,2020-05-07,0.012282672572703143
1094,2020-05-08,0.02732608738046604
1095,2020-05-11,-0.0019105718822021332
1096,2020-05-12,-0.024888715927720968
1097,2020-05-13,-0.021529043545050704
1098,2020-05-14,0.006300303954698326
1099,2020-05-15,0.007113067707651939
1100,2020-05-18,0.0443125189259391
1101,2020-05-19,-0.013022683304020993
1102,2020-05-20,0.023170690456983584
1103,2020-05-21,-0.004258805511200187
1104,2020-05-22,-0.0003822986066024481
1105,2020-05-26,0.01923154888337602
1106,2020-05-27,0.01888322538742834
1107,2020-05-28,-0.013015345246639666
1108,2020-05-29,0.003637027612566673
1109,2020-06-01,0.00981556124049806
1110,2020-06-02,0.010721427872042933
1111,2020-06-03,0.01864981028082233
1112,2020-06-04,-0.004840169882300075
1113,2020-06-05,0.030933053516546957
1114,2020-06-08,0.013712310881966122
1115,2020-06-09,-0.01001396302759332
1116,2020-06-10,-0.010501579644575425
1117,2020-06-11,-0.06413365007146259
1118,2020-06-12,0.01860843698955086
1119,2020-06-15,0.010523765921820633
1120,2020-06-16,0.018911994017139888
1121,2020-06-17,-0.007084195520219886
1122,2020-06-18,0.0004610751678722602
1123,2020-06-19,-0.004282257812528808
1124,2020-06-22,0.009812409720964081
1125,2020-06-23,0.00598418061115006
1126,2020-06-24,-0.02580516727892787
1127,2020-06-25,0.011458619744760786
1128,2020-06-26,-0.0231965952107699
1129,2020-06-29,0.020813339818270864
1130,2020-06-30,0.011972119130184086
1131,2020-07-01,0.0007187793652279927
1132,2020-07-02,0.008072376865791198
1133,2020-07-06,0.017963503683625183
1134,2020-07-07,-0.014345303655361167
1135,2020-07-08,0.011718558065613088
1136,2020-07-09,-0.009134310540533144
1137,2020-07-10,0.009511129094176859
1138,2020-07-13,-0.012305983235783278
1139,2020-07-14,0.011618874317855715
1140,2020-07-15,0.01991985434156721
1141,2020-07-16,-0.007054641130236893
1142,2020-07-17,0.0030948139927891496
1143,2020-07-20,0.00658061233138465
1144,2020-07-21,0.006906104262862441
1145,2020-07-22,0.001108364623369476
1146,2020-07-23,-0.007579073562637281
1147,2020-07-24,-0.009885926872356655
1148,2020-07-27,0.012057987365244254
1149,2020-07-28,-0.009505815953914053
1150,2020-07-29,0.01745857397269549
1151,2020-07-30,-0.0038029326119540666
1152,2020-07-31,-0.0011745765607733708
1153,2020-08-03,0.012531844432726756
1154,2020-08-04,0.006920964823181353
1155,2020-08-05,0.012877448575346197
1156,2020-08-06,0.003848085104342937
1157,2020-08-07,0.002060008737537503
1158,2020-08-10,0.005145039616809561
1159,2020-08-11,-0.00797754153862804
1160,2020-08-12,0.011221390282604389
1161,2020-08-13,-0.0014235443572599797
1162,2020-08-14,-0.0008182736305701128
1163,2020-08-17,0.007250742059173487
1164,2020-08-18,-0.0026800738885546117
1165,2020-08-19,-0.004023554422302529
1166,2020-08-20,0.0004712082301572346
1167,2020-08-21,-0.0008041835823260893
1168,2020-08-24,0.009780068844741004
1169,2020-08-25,0.004261913015872687
1170,2020-08-26,0.0029704338510816424
1171,2020-08-27,-0.00046608761278504516
1172,2020-08-28,0.008341225821091695
1173,2020-08-31,-0.0082193802957628
1174,2020-09-01,0.013064042939015363
1175,2020-09-02,0.007501843538701381
1176,2020-09-03,-0.03225306721639145
1177,2020-09-04,-0.00670869856550773
1178,2020-09-08,-0.025415266667457956
1179,2020-09-09,0.0184447604836741
1180,2020-09-10,-0.015577059268809932
1181,2020-09-11,-0.002530630562431755
1182,2020-09-14,0.020648090329072617
1183,2020-09-15,0.006255816908838373
1184,2020-09-16,0.000778974154634242
1185,2020-09-17,-0.008438405757854494
1186,2020-09-18,-0.007626652725116851
1187,2020-09-21,-0.019485236598457502
1188,2020-09-22,0.007372004419370647
1189,2020-09-23,-0.027913246436740154
1190,2020-09-24,0.0004910540482684447
1191,2020-09-25,0.014754428869622438
1192,2020-09-28,0.020111667615064305
1193,2020-09-29,-0.0040143302014996815
1194,2020-09-30,0.00679338309162323
1195,2020-10-01,0.013059015905944752
1196,2020-10-02,-0.006864051141924451
1197,2020-10-05,0.022266163886949776
1198,2020-10-06,-0.006682886078600887
1199,2020-10-07,0.018193577425577263
1200,2020-10-08,0.009221377211617856
1201,2020-10-09,0.008080158855785743
1202,2020-10-12,0.012922916264526178
1203,2020-10-13,-0.0050294230488546554
1204,2020-10-14,-0.008441009255543478
1205,2020-10-15,0.00224689922244628
1206,2020-10-16,-0.0016161668239395334
1207,2020-10-19,-0.011693073737508981
1208,2020-10-20,0.004038276723746638
1209,2020-10-21,-0.004051954033081164
1210,2020-10-22,0.009117271836120527
1211,2020-10-23,0.004719791343462789
1212,2020-10-26,-0.01838065453616859
1213,2020-10-27,-0.002554227944943952
1214,2020-10-28,-0.031810037062442835
1215,2020-10-29,0.01227980700085235
1216,2020-10-30,-0.014561011561415035
1217,2020-11-02,0.012876645808116425
1218,2020-11-03,0.020068917693735255
1219,2020-11-04,0.018406059137944006
1220,2020-11-05,0.02425724798789432
1221,2020-11-06,-0.0028214262116234637
1222,2020-11-09,0.017056593537775853
1223,2020-11-10,0.003422881300390342
1224,2020-11-11,0.006229999944769135
1225,2020-11-12,-0.011077059625951863
1226,2020-11-13,0.016257362757856227
1227,2020-11-16,0.01701156733122507
1228,2020-11-17,0.0005400692065529291
1229,2020-11-18,-0.010659608067892698
1230,2020-11-19,0.006025793298964835
1231,2020-11-20,-0.000922074634190364
1232,2020-11-23,0.010409095536531202
1233,2020-11-24,0.016559779270426154
1234,2020-11-25,-0.0017997980450351963
1235,2020-11-27,0.00577616365287023
1236,2020-11-30,-0.013632977198882469
1237,2020-12-01,0.012010871147720334
1238,2020-12-02,0.0013333809421549139
1239,2020-12-03,0.004880199035098091
1240,2020-12-04,0.015088733964174888
1241,2020-12-07,0.0010855636465937324
1242,2020-12-08,0.0072791825013364675
1243,2020-12-09,-0.010503572146871528
1244,2020-12-10,0.0074918976287812
1245,2020-12-11,-0.004161427987877455
1246,2020-12-14,-0.0031278264390929454
1247,2020-12-15,0.01801308455697102
1248,2020-12-16,0.00035841375052424065
1249,2020-12-17,0.008919866500002432
1250,2020-12-18,-0.004472343650047948
1251,2020-12-21,-0.0040838090174095155
1252,2020-12-22,0.004193651775763495
1253,2020-12-23,0.005110343779929438
1254,2020-12-24,0.00037758260073680395
1255,2020-12-28,0.001985703440555673
1256,2020-12-29,-0.0067746634623032055
1257,2020-12-30,0.007426878158693106
1258,2020-12-31,0.00037017036257910776
1259,2021-01-04,-0.009940119221835367
1260,2021-01-05,0.014195419450604926
1261,2021-01-06,0.016596308002803387
1262,2021-01-07,0.01694497810199609
1263,2021-01-08,0.006859276286747892
1264,2021-01-11,-0.006582210181861998
1265,2021-01-12,0.009982954438605245
1266,2021-01-13,-0.0013509162381303646
1267,2021-01-14,0.009563193398363336
1268,2021-01-15,-0.01221818359437037
1269,2021-01-19,0.012912296000907595
1270,2021-01-20,0.011714361117990561
1271,2021-01-21,-0.002254762475217829
1272,2021-01-22,0.0028805423990337117
1273,2021-01-25,0.002986496190932194
1274,2021-01-26,-0.004589399483495835
1275,2021-01-27,-0.022717289657031826
1276,2021-01-28,0.002241683423550532
1277,2021-01-29,-0.018727456442946412
1278,2021-02-01,0.02364813060787726
1279,2021-02-02,0.014365822305801782
1280,2021-02-03,0.0017508883072793857
1281,2021-02-04,0.01381448607933763
1282,2021-02-05,0.00937522169858103
1283,2021-02-08,0.014884383137522595
1284,2021-02-09,0.003946931047434086
1285,2021-02-10,-0.0029826560752062217
1286,2021-02-11,0.0025663268265434603
1287,2021-02-12,0.00333517452445221
1288,2021-02-16,-0.003192023246556802
1289,2021-02-17,-0.004464432176486223
1290,2021-02-18,-0.01128461326486861
1291,2021-02-19,0.009973378739062382
1292,2021-02-22,-0.014097126419447825
1293,2021-02-23,-0.0037110795449997558
1294,2021-02-24,0.013165941982907063
1295,2021-02-25,-0.031865426351780746
1296,2021-02-26,-0.003220461229036929
1297,2021-03-01,0.030907755754292613
1298,2021-03-02,-0.014867691952471753
1299,2021-03-03,-0.012955975712646126
1300,2021-03-04,-0.022095386009717752
1301,2021-03-05,0.01766555789014457
1302,2021-03-08,-0.00879709270692742
1303,2021-03-09,0.023311805688804775
1304,2021-03-10,0.007718156927584236
1305,2021-03-11,0.021764166049525656
1306,2021-03-12,-0.001496375742078428
1307,2021-03-15,0.005021243868474753
1308,2021-03-16,-0.006466648142574639
1309,2021-03-17,0.005274425027132041
1310,2021-03-18,-0.02558154936188619
1311,2021-03-19,0.005449181482153712
1312,2021-03-22,0.0005948683921377243
1313,2021-03-23,-0.02232603015255818
1314,2021-03-24,-0.018653656332261508
1315,2021-03-25,0.01146549992850472
1316,2021-03-26,0.01867145100882646
1317,2021-03-29,-0.01418636871450989
1318,2021-03-30,0.007098922936399224
1319,2021-03-31,0.01054976532637863
1320,2021-04-01,0.012598781025579977
1321,2021-04-05,0.009296582869481384
1322,2021-04-06,-0.0006490884290857326
1323,2021-04-07,-0.009619514761203955
1324,2021-04-08,0.008119047778697168
1325,2021-04-09,0.0009054943632617676
1326,2021-04-12,-0.0030674754094194307
1327,2021-04-13,0.0020389052953016123
1328,2021-04-14,0.002872376012963279
1329,2021-04-15,0.008188837564922951
1330,2021-04-16,0.0020039214572557017
1331,2021-04-19,-0.009281955123527107
1332,2021-04-20,-0.013709289941591605
1333,2021-04-21,0.015848379310005236
1334,2021-04-22,-0.006285676534678017
1335,2021-04-23,0.015598327060263768
1336,2021-04-26,0.006676041485171567
1337,2021-04-27,-0.00018268097075616171
1338,2021-04-28,0.0014815452383377958
1339,2021-04-29,-0.0004346138801071156
1340,2021-04-30,-0.011845927006701446
1341,2021-05-03,0.0017710157088954444
1342,2021-05-04,-0.011881576316081138
1343,2021-05-05,-0.0015384116998329199
1344,2021-05-06,0.004784067311269317
1345,2021-05-07,0.010480700906080501
1346,2021-05-10,-0.021366844895585817
1347,2021-05-11,-0.0038055725361001323
1348,2021-05-12,-0.02835812011800149
1349,2021-05-13,0.011914741882956499
1350,2021-05-14,0.021199706863957144
1351,2021-05-17,-0.0010827213916726065
1352,2021-05-18,-0.003877523471237777
1353,2021-05-19,-0.004360336637416289
1354,2021-05-20,0.009523776413941568
1355,2021-05-21,-0.0020651183711527217
1356,2021-05-24,0.009347359038465763
1357,2021-05-25,-0.0030110214041510716
1358,2021-05-26,0.011116397559439075
1359,2021-05-27,0.004364845285757805
1360,2021-05-28,0.0016710843497978807
1361,2021-06-01,0.008262742313343533
1362,2021-06-02,0.0014603961977621557
1363,2021-06-03,-0.008315937028976041
1364,2021-06-04,0.00820028561027332
1365,2021-06-07,0.005852731509594079
1366,2021-06-08,0.004306035797267383
1367,2021-06-09,-0.0038878745543474637
1368,2021-06-10,-0.0009650712670461792
1369,2021-06-11,0.005164770585253436
1370,2021-06-14,0.00114667874032419
1371,2021-06-15,-0.004019613270697254
1372,2021-06-16,-0.00500835692815966
1373,2021-06-17,-0.00220688003673677
1374,2021-06-18,-0.01630282187475178
1375,2021-06-21,0.014241630894591989
1376,2021-06-22,0.003920397552757639
1377,2021-06-23,0.0025036311825347613
1378,2021-06-24,0.010433900402190244
1379,2021-06-25,0.0026672801988143267
1380,2021-06-28,-0.0011287163803438728
1381,2021-06-29,-0.0016681514760196376
1382,2021-06-30,-0.0012006265816796324
1383,2021-07-01,0.00424075086509317
1384,2021-07-02,-0.001366947961800484
1385,2021-07-06,-0.009534219988361755
1386,2021-07-07,-0.003603283433017239
1387,2021-07-08,-0.01050075205638637
1388,2021-07-09,0.01576004147839515
1389,2021-07-12,0.001871682056011307
1390,2021-07-13,-0.009391912477584747
1391,2021-07-14,-0.006010435288461686
1392,2021-07-15,-0.0040929726701692155
1393,2021-07-16,-0.009989839665671388
1394,2021-07-19,-0.014057423199690161
1395,2021-07-20,0.019737062574241675
1396,2021-07-21,0.012071742994713404
1397,2021-07-22,-0.005528490207761424
1398,2021-07-23,0.0034680726714016044
1399,2021-07-26,-0.0013776266257090166
1400,2021-07-27,-0.011793681814987987
1401,2021-07-28,0.012328484450801315
1402,2021-07-29,0.005543201575229741
1403,2021-07-30,-0.006579335624647224
1404,2021-08-02,-0.0014595994722371914
1405,2021-08-03,0.005189748115043855
1406,2021-08-04,-0.00562176525161642
1407,2021-08-05,0.010493605270803867
1408,2021-08-06,0.0009653558046866287
1409,2021-08-09,-0.0018641696156500452
1410,2021-08-10,0.0004975709188282063
1411,2021-08-11,0.0029311258159020765
1412,2021-08-12,-0.0015093903332727549
1413,2021-08-13,-0.003830544240485633
1414,2021-08-16,-0.005529647728852321
1415,2021-08-17,-0.011680247951275683
1416,2021-08-18,-0.007469541597401609
1417,2021-08-19,-0.007558815710569047
1418,2021-08-20,0.011079991423760887
1419,2021-08-23,0.015843390782882483
1420,2021-08-24,0.009449462194850251
1421,2021-08-25,0.0024438608703227353
1422,2021-08-26,-0.008849047780866232
1423,2021-08-27,0.018831510353331377
1424,2021-08-30,0.0011517993942254745
1425,2021-08-31,0.002927578706468908
1426,2021-09-01,0.005816807968851826
1427,2021-09-02,0.0029669370623710252
1428,2021-09-03,-0.0007780891354082956
1429,2021-09-07,-0.0026311861937449365
1430,2021-09-08,-0.00856111866640921
1431,2021-09-09,-0.0019158291167569665
1432,2021-09-10,-0.007557248427530636
1433,2021-09-13,0.003495914196682837
1434,2021-09-14,-0.008960252846267008
1435,2021-09-15,0.007026506238418573
1436,2021-09-16,-0.0017917228365432183
1437,2021-09-17,-0.004642343733292609
1438,2021-09-20,-0.022668618242163215
1439,2021-09-21,0.002100788264587621
1440,2021-09-22,0.012666126409367292
1441,2021-09-23,0.013367477690334533
1442,2021-09-24,-0.005224378840945265
1443,2021-09-27,0.006040127689198686
1444,2021-09-28,-0.021483995798416616
1445,2021-09-29,-0.002661154547824147
1446,2021-09-30,-0.005640576659484616
1447,2021-10-01,0.010296231378567344
1448,2021-10-04,-0.013023573791423868
1449,2021-10-05,0.007183119864521056
1450,2021-10-06,-0.001407185724564506
1451,2021-10-07,0.013810548753261943
1452,2021-10-08,-0.004031153955169542
1453,2021-10-11,-0.005674724845919211
1454,2021-10-12,0.0005601652326491251
1455,2021-10-13,0.00676699160976216
1456,2021-10-14,0.013715714251792258
1457,2021-10-15,0.0032870089114346466
1458,2021-10-18,0.0015641048109470215
1459,2021-10-19,0.006775991922156862
1460,2021-10-20,0.003582256364999591
1461,2021-10-21,0.001569885385513782
1462,2021-10-22,-0.0031455752633091742
1463,2021-10-25,0.00815069910540815
1464,2021-10-26,-0.0037769076373051808
1465,2021-10-27,-0.010522262878158727
1466,2021-10-28,0.013278542280950984
1467,2021-10-29,-0.001448338356972374
1468,2021-11-01,0.014591753583989528
1469,2021-11-02,0.0008663654230557923
1470,2021-11-03,0.012244894265349613
1471,2021-11-04,0.002475859000493235
1472,2021-11-05,0.007064116373337307
1473,2021-11-08,0.003000935320633672
1474,2021-11-09,-0.005225687369039048
1475,2021-11-10,-0.012185170505222439
1476,2021-11-11,0.007385486046673304
1477,2021-11-12,0.004108881689873346
1478,2021-11-15,-0.0024372979822523213
1479,2021-11-16,0.0030504356323589475
1480,2021-11-17,-0.007467969430065288
1481,2021-11-18,-0.0017434289257670372
1482,2021-11-19,-0.003943457016900917
1483,2021-11-22,-0.00595283078181741
1484,2021-11-23,-0.0015569274667926007
1485,2021-11-24,0.0013071208909014712
1486,2021-11-26,-0.030821695113889148
1487,2021-11-29,0.006330635853981068
1488,2021-11-30,-0.015836053254219586
1489,2021-12-01,-0.014844622404937387
1490,2021-12-02,0.018982814692913567
1491,2021-12-03,-0.016631464174104008
1492,2021-12-06,0.01416311126973393
1493,2021-12-07,0.02267128260250397
1494,2021-12-08,0.005120948819992231
1495,2021-12-09,-0.015320097840400766
1496,2021-12-10,0.002586736873291731
1497,2021-12-13,-0.01764441931075798
1498,2021-12-14,-0.0075005758638483425
1499,2021-12-15,0.013723001276905001
1500,2021-12-16,-0.015403959316320772
1501,2021-12-17,-2.8011953650383583e-05
1502,2021-12-20,-0.013055025340019446
1503,2021-12-21,0.02339133356262715
1504,2021-12-22,0.00928157164834
1505,2021-12-23,0.0070845522516027595
1506,2021-12-27,0.010623611850253328
1507,2021-12-28,-0.004430961881755292
1508,2021-12-29,-7.892600440283375e-05
1509,2021-12-30,0.0007746800148718647
1510,2021-12-31,-0.003411257524896365
1511,2022-01-03,0.010082101578127275
1512,2022-01-04,-0.0036484208025532945
1513,2022-01-05,-0.0276843708673646
1514,2022-01-06,0.003145991700770797
1515,2022-01-07,-0.006353103853969436
1516,2022-01-10,-0.001711785391228825
1517,2022-01-11,0.01342036715335282
1518,2022-01-12,0.0007156127576297105
1519,2022-01-13,-0.013618224354059886
1520,2022-01-14,0.0017563194413388577
1521,2022-01-18,-0.02472642216292427
1522,2022-01-19,-0.010574140488618908
1523,2022-01-20,-0.011364394917031753
1524,2022-01-21,-0.019788975134640396
1525,2022-01-24,0.00910936487425071
1526,2022-01-25,-0.012826148795417904
1527,2022-01-26,-0.009484803128091277
1528,2022-01-27,-0.015174776101532386
1529,2022-01-28,0.019952183252583917
1530,2022-01-31,0.02900335384999107
1531,2022-02-01,0.0083749328103189
1532,2022-02-02,-0.0015782368294599148
1533,2022-02-03,-0.022169669549561646
1534,2022-02-04,0.005552447138113248
1535,2022-02-07,-0.00016777596658256453
1536,2022-02-08,0.013055715105010312
1537,2022-02-09,0.018001540139714348
1538,2022-02-10,-0.01555204246147542
1539,2022-02-11,-0.016610271382602338
1540,2022-02-14,-0.003217533765213997
1541,2022-02-15,0.02355022123159118
1542,2022-02-16,0.0024305465899183572
1543,2022-02-17,-0.023054867011826227
1544,2022-02-18,-0.008969748908113579
1545,2022-02-22,-0.012742373591861762
1546,2022-02-23,-0.018506047545194446
1547,2022-02-24,0.017012391701847464
1548,2022-02-25,0.020445584466243682
1549,2022-02-28,-0.0005081017024421438
1550,2022-03-01,-0.01643469053491292
1551,2022-03-02,0.017352713632352953
1552,2022-03-03,-0.011439052681089695
1553,2022-03-04,-0.014904436685595324
1554,2022-03-07,-0.030241589198692333
1555,2022-03-08,0.0008260249495554721
1556,2022-03-09,0.02937062465661408
1557,2022-03-10,-0.007213805609758004
1558,2022-03-11,-0.01717389774021247
1559,2022-03-14,-0.018490640235806835
1560,2022-03-15,0.017198137997632434
1561,2022-03-16,0.039530342351561
1562,2022-03-17,0.010636612021245852
1563,2022-03-18,0.012513373492052405
1564,2022-03-21,-0.007606237740928448
1565,2022-03-22,0.013442468176248562
1566,2022-03-23,-0.014166536386595898
1567,2022-03-24,0.011975164523582835
1568,2022-03-25,-3.159807331950713e-05
1569,2022-03-28,0.004693424849759237
1570,2022-03-29,0.02087834966365015
1571,2022-03-30,-0.013048818454465929
1572,2022-03-31,-0.012509577459295134
1573,2022-04-01,0.008394109543883333
1574,2022-04-04,0.008963299889852137
1575,2022-04-05,-0.020560819922307003
1576,2022-04-06,-0.01457844404018645
1577,2022-04-07,-0.0016306965604367032
1578,2022-04-08,-0.006486276379782806
1579,2022-04-11,-0.012742561273379065
1580,2022-04-12,-0.0005766985267394209
1581,2022-04-13,0.016810850267403133
1582,2022-04-14,-0.013193475414231364
1583,2022-04-18,-0.003467667992688332
1584,2022-04-19,0.01515991941117091
1585,2022-04-20,-0.002036160080403137
1586,2022-04-21,-0.020228619805324553
1587,2022-04-22,-0.02318973737498692
1588,2022-04-25,0.004817111715070296
1589,2022-04-26,-0.03044100160314006
1590,2022-04-27,0.0005977168965358793
1591,2022-04-28,0.022131933644471986
1592,2022-04-29,-0.027443849933574512
1593,2022-05-02,0.008647374704558886
1594,2022-05-03,0.006259422792212008
1595,2022-05-04,0.0257798916121102
1596,2022-05-05,-0.04076175607572127
1597,2022-05-06,-0.013319284492327752
1598,2022-05-09,-0.0373834797216937
1599,2022-05-10,0.003553410347714705
1600,2022-05-11,-0.020925800437847728
1601,2022-05-12,0.003675396288385493
1602,2022-05-13,0.030523930426259456
1603,2022-05-16,-0.005735656502682817
1604,2022-05-17,0.026806717553525438
1605,2022-05-18,-0.03651560183938723
1606,2022-05-19,0.001545971583463023
1607,2022-05-20,-0.0008728324431658351
1608,2022-05-23,0.013302719039413073
1609,2022-05-24,-0.015143487628164693
1610,2022-05-25,0.013256476451561605
1611,2022-05-26,0.021661842620607483
1612,2022-05-27,0.024736750238578548
1613,2022-05-31,-0.004894294810933779
1614,2022-06-01,-0.006631773602403374
1615,2022-06-02,0.022743964404886886
1616,2022-06-03,-0.014543668365583963
1617,2022-06-06,0.004122709121359521
1618,2022-06-07,0.011386377841778638
1619,2022-06-08,-0.009564396940238029
1620,2022-06-09,-0.025497955243001486
1621,2022-06-10,-0.026038375051046614
1622,2022-06-13,-0.043037910452499065
1623,2022-06-14,9.365151257555474e-05
1624,2022-06-15,0.01620736578668737
1625,2022-06-16,-0.039878977486716864
1626,2022-06-17,0.006065471626209637
1627,2022-06-21,0.01987801420084535
1628,2022-06-22,-0.0047254977834660025
1629,2022-06-23,0.010482508142126807
1630,2022-06-24,0.030391374234934078
1631,2022-06-27,-3.997106875349647e-05
1632,2022-06-28,-0.018904375639262477
1633,2022-06-29,-0.0052497566106818475
1634,2022-06-30,-0.008128372437614046
1635,2022-07-01,0.007565622138238879
1636,2022-07-05,0.005858787729013449
1637,2022-07-06,-0.0028051119304357197
1638,2022-07-07,0.021089710347958045
1639,2022-07-08,2.3737212759135606e-05
1640,2022-07-11,-0.019954682009120737
1641,2022-07-12,-0.005574225915610442
1642,2022-07-13,-0.002117629882124936
1643,2022-07-14,-0.006203168113051128
1644,2022-07-15,0.017251847875155046
1645,2022-07-18,-0.003089855537990096
1646,2022-07-19,0.029556738815851955
1647,2022-07-20,0.010584411523672847
1648,2022-07-21,0.008725927887289243
1649,2022-07-22,-0.014028918498605124
1650,2022-07-25,0.0023003195153908575
1651,2022-07-26,-0.00979981020051678
1652,2022-07-27,0.025998971589157708
1653,2022-07-28,0.01117832946270889
1654,2022-07-29,0.00828601648613278
1655,2022-08-01,-0.002288859145343011
1656,2022-08-02,-0.0029708842139404053
1657,2022-08-03,0.015866464584925813
1658,2022-08-04,0.0009297329695115089
1659,2022-08-05,0.002090909293189125
1660,2022-08-08,0.004482700004904565
1661,2022-08-09,-0.00981167562170038
1662,2022-08-10,0.02431418506251365
1663,2022-08-11,0.0014729018160654034
1664,2022-08-12,0.017924989799449037
1665,2022-08-15,0.003008990721066129
1666,2022-08-16,-0.00029895598493998466
1667,2022-08-17,-0.011957850416786497
1668,2022-08-18,0.0030914114591749243
1669,2022-08-19,-0.018341635440016848
1670,2022-08-22,-0.019572513374442116
1671,2022-08-23,0.0011187266665135844
1672,2022-08-24,0.00453898873579983
1673,2022-08-25,0.016752480672379704
1674,2022-08-26,-0.03128963005668318
1675,2022-08-29,-0.008309331373068132
1676,2022-08-30,-0.012568195360189173
1677,2022-08-31,-0.004576490990515632
1678,2022-09-01,-0.005898709856052617
1679,2022-09-02,-0.009685317587422521
1680,2022-09-06,-0.008637891491625664
1681,2022-09-07,0.018433680626134735
1682,2022-09-08,0.004976526978745747
1683,2022-09-09,0.018629419098108675
1684,2022-09-12,0.012319422231597495
1685,2022-09-13,-0.04118084209363711
1686,2022-09-14,0.004777313479683691
1687,2022-09-15,-0.010255798839986048
1688,2022-09-16,-0.011611461047848753
1689,2022-09-19,0.006958042817542235
1690,2022-09-20,-0.010749318087332739
1691,2022-09-21,-0.016405078679829398
1692,2022-09-22,-0.014768377238929337
1693,2022-09-23,-0.021341261777218276
1694,2022-09-26,-0.01339667554713551
1695,2022-09-27,0.0009873255407585734
1696,2022-09-28,0.023316467172791774
1697,2022-09-29,-0.023264422867502108
1698,2022-09-30,-0.009853640510518359
1699,2022-10-03,0.024115119383278108
1700,2022-10-04,0.03527917417383061
1701,2022-10-05,-0.0037801851421425466
1702,2022-10-06,-0.006964416685447344
1703,2022-10-07,-0.02916460520420996
1704,2022-10-10,-0.008315112928137854
1705,2022-10-11,-0.006474642960878662
1706,2022-10-12,-0.0016784681742818134
1707,2022-10-13,0.02081143682111967
1708,2022-10-14,-0.024505697161830445
1709,2022-10-17,0.0301673492923023
1710,2022-10-18,0.008976835761789068
1711,2022-10-19,-0.01303586545168537
1712,2022-10-20,-0.00708842463241549
1713,2022-10-21,0.021325163585870208
1714,2022-10-24,-0.0007285547195543625
1715,2022-10-25,0.020770453101629102
1716,2022-10-26,-2.183587910679842e-05
1717,2022-10-27,-0.005369471973741143
1718,2022-10-28,0.01919032417785936
1719,2022-10-31,-0.003365444944733429
1720,2022-11-01,0.0013185188602225892
1721,2022-11-02,-0.027609159312121996
1722,2022-11-03,-0.007403074570972904
1723,2022-11-04,0.01928019873205064
1724,2022-11-07,0.0058470939334033965
1725,2022-11-08,0.00365862150209002
1726,2022-11-09,-0.0237101377365705
1727,2022-11-10,0.05811866684208031
1728,2022-11-11,0.013566963857936118
1729,2022-11-14,-0.009387809948006696
1730,2022-11-15,0.014970538846277331
1731,2022-11-16,-0.01487974742213224
1732,2022-11-17,-0.0050122921580880685
1733,2022-11-18,0.0028672756810739193
1734,2022-11-21,-0.007126078297133385
1735,2022-11-22,0.010363269893309886
1736,2022-11-23,0.005532803833905917
1737,2022-11-25,-0.0010179161308357958
1738,2022-11-28,-0.015723752528495394
1739,2022-11-29,0.0035287402635037946
1740,2022-11-30,0.031567453301184885
1741,2022-12-01,-0.001529490707224481
1742,2022-12-02,0.0025390197360292714
1743,2022-12-05,-0.02116563341650453
1744,2022-12-06,-0.013646561332261505
1745,2022-12-07,-0.003440917377658448
1746,2022-12-08,0.008999432131549138
1747,2022-12-09,-0.00941465820287823
1748,2022-12-12,0.009767208885533323
1749,2022-12-13,0.0035461900726082287
1750,2022-12-14,-0.005442751753951127
1751,2022-12-15,-0.026078731292453996
1752,2022-12-16,-0.007557157936004474
1753,2022-12-19,-0.010544061185474464
1754,2022-12-20,0.0024744134866272866
1755,2022-12-21,0.014831630260581291
1756,2022-12-22,-0.014586722802093903
1757,2022-12-23,0.003287796877811687
1758,2022-12-27,-0.003654906044400841
1759,2022-12-28,-0.01437749300258269
1760,2022-12-29,0.022261276912843846
1761,2022-12-30,-0.004317426712635047
1762,2023-01-03,-0.0030464626119208185
1763,2023-01-04,0.013381260824638662
1764,2023-01-05,-0.010357102134709438
1765,2023-01-06,0.023165127736050027
1766,2023-01-09,0.0031452682290992844
1767,2023-01-10,0.010991273893917462
1768,2023-01-11,0.011893713334830146
1769,2023-01-12,0.01042363293305362
1770,2023-01-13,0.006147777925815777
1771,2023-01-17,-0.0015295017492232723
1772,2023-01-18,-0.013859197086416135
1773,2023-01-19,-0.006214068110299936
1774,2023-01-20,0.018558270276664898
1775,2023-01-23,0.013123582481590233
1776,2023-01-24,-0.0014349839596194346
1777,2023-01-25,0.0011661171310989532
1778,2023-01-26,0.009808106274065453
1779,2023-01-27,0.0038911247420299025
1780,2023-01-30,-0.015863790832959572
1781,2023-01-31,0.0163569862387886
1782,2023-02-01,0.015227060545651011
1783,2023-02-02,0.017139045183387394
1784,2023-02-03,-0.01126405989638995
1785,2023-02-06,-0.011992249249381613
1786,2023-02-07,0.010131016195677139
1787,2023-02-08,-0.012189356025467338
1788,2023-02-09,-0.009120833990478229
1789,2023-02-10,-0.0014692527884620943
1790,2023-02-13,0.012009763740035413
1791,2023-02-14,0.0006874564012245559
1792,2023-02-15,0.005252888662599054
1793,2023-02-16,-0.010192569587578698
1794,2023-02-17,-0.002280544151283499
1795,2023-02-21,-0.023881975392932124
1796,2023-02-22,0.00023491959646073399
1797,2023-02-23,0.006681068168441159
1798,2023-02-24,-0.013340061779324647
1799,2023-02-27,0.004435296884843412
1800,2023-02-28,-0.0021749174697449024
1801,2023-03-01,0.002329761650275109
1802,2023-03-02,0.004590011155852427
1803,2023-03-03,0.014609889979169323
1804,2023-03-06,-0.007053700213254537
1805,2023-03-07,-0.013287300535475872
1806,2023-03-08,0.0021263919772436415
1807,2023-03-09,-0.023255685445704628
1808,2023-03-10,-0.019429647809639607
1809,2023-03-13,-0.006228360469190456
1810,2023-03-14,0.01577723423803362
1811,2023-03-15,-0.010870123067396513
1812,2023-03-16,0.01685108053577963
1813,2023-03-17,-0.017129389114255003
1814,2023-03-20,0.008748634598599715
1815,2023-03-21,0.015036755010146844
1816,2023-03-22,-0.018152300545068573
1817,2023-03-23,0.0012575546727245407
1818,2023-03-24,0.00546906385266254
1819,2023-03-27,0.003197119692024383
1820,2023-03-28,0.0005424814201338909
1821,2023-03-29,0.011626875435404544
1822,2023-03-30,0.003772249088104818
1823,2023-03-31,0.013889648954268686
1824,2023-04-03,0.0008090739435279648
1825,2023-04-04,-0.009896642070376854
1826,2023-04-05,-0.008218273549215026
1827,2023-04-06,0.0032862814109108083
1828,2023-04-10,0.005342836791893823
1829,2023-04-11,0.0037487311216666034
1830,2023-04-12,-0.006980599274743017
1831,2023-04-13,0.014443691964740542
1832,2023-04-14,-0.006104626906293056
1833,2023-04-17,0.007637625456722735
1834,2023-04-18,-0.0021149570240041413
1835,2023-04-19,-0.0012534568054839608
1836,2023-04-20,-0.0050072083869095755
1837,2023-04-21,-0.0007082249641856224
1838,2023-04-24,-0.0009068203621157137
1839,2023-04-25,-0.02108907704304247
1840,2023-04-26,-0.003249098426182182
1841,2023-04-27,0.016955588640838314
1842,2023-04-28,0.00775775361541621
1843,2023-05-01,-0.0006868257755730813
1844,2023-05-02,-0.014956894979010248
1845,2023-05-03,-0.0008759154147925156
1846,2023-05-04,-0.005769944589305337
1847,2023-05-05,0.020592200794121242
1848,2023-05-08,-0.0005212792393585597
1849,2023-05-09,-0.004359649590888059
1850,2023-05-10,0.005041466566341218
1851,2023-05-11,-0.004012490050433997
1852,2023-05-12,-0.0038798708811352916
1853,2023-05-15,0.010527438386164607
1854,2023-05-16,-0.009151382042927415
1855,2023-05-17,0.015642706190051786
1856,2023-05-18,0.0068845520048980546
1857,2023-05-19,-0.0034101359102646947
1858,2023-05-22,0.007892951205678882
1859,2023-05-23,-0.00913384020129896
1860,2023-05-24,-0.008511934700446982
1861,2023-05-25,0.002094265511729171
1862,2023-05-26,0.015353821966794013
1863,2023-05-30,-0.0029103210393405026
1864,2023-05-31,-0.008281576337717783
1865,2023-06-01,0.011960185543492744
1866,2023-06-02,0.02409418967184053
1867,2023-06-05,-0.006628430916438386
1868,2023-06-06,0.014420397813235784
1869,2023-06-07,0.001880601875899076
1870,2023-06-08,0.002694140736426113
1871,2023-06-09,-0.002072380298604603
1872,2023-06-12,0.006870596398809505
1873,2023-06-13,0.009697686530363642
1874,2023-06-14,-0.0023298455118580005
1875,2023-06-15,0.009799241480784615
1876,2023-06-16,-0.006733192328539332
1877,2023-06-20,-0.0068899263015268185
1878,2023-06-21,-0.005212377731844842
1879,2023-06-22,-0.0014451257763298418
1880,2023-06-23,-0.01276394729567321
1881,2023-06-26,-0.002015847991621656
1882,2023-06-27,0.01356819198670527
1883,2023-06-28,0.00170464978099345
1884,2023-06-29,0.0048062401638244885
1885,2023-06-30,0.008415871124007882
1886,2023-07-03,0.0035226566066876067
1887,2023-07-05,-0.006051269158142601
1888,2023-07-06,-0.013940181661542164
1889,2023-07-07,0.005843316861133794
1890,2023-07-10,0.00876561334343669
1891,2023-07-11,0.008635717405043403
1892,2023-07-12,0.012708810059131121
1893,2023-07-13,0.010474108206711755
1894,2023-07-14,-0.005766175271642083
1895,2023-07-17,0.0075415448331570345
1896,2023-07-18,0.007321352945481678
